journey_pk,start_iso,end_iso,duration_min,distance_km,temp_c,condition,wind_kph,is_daylight
5,2026-02-27T00:01:06.773645,2026-03-02T01:26:17.007570,4405.2,14.148,2.8,clear,2.5,0
5,2026-02-27T00:01:06.773645,2026-03-02T01:26:17.007570,4405.2,14.148,0.4,mostlyClear,3.7,0
7,2026-03-02T12:09:27.641335,2026-03-12T12:51:39.253553,14442.2,1.252,,,,
8,2026-03-12T19:49:30.000164,2026-03-12T22:00:35.247937,131.1,4.805,5.0,cloudy,23.6,1
8,2026-03-12T19:49:30.000164,2026-03-12T22:00:35.247937,131.1,4.805,5.0,cloudy,23.6,1
9,2026-03-12T22:00:34.140176,2026-03-12T22:18:56.999277,18.4,2.269,4.0,cloudy,19.0,1
11,2026-03-12T23:41:17.355912,2026-03-12T23:46:12.999545,4.9,1.467,,,,
12,2026-03-13T00:55:50.284429,2026-03-13T01:09:57.000035,14.1,6.052,2.2,mostlyCloudy,8.7,0
13,2026-03-13T01:09:58.075080,2026-03-13T01:20:01.000715,10.0,2.533,,,,
16,2026-03-13T01:37:23.664987,2026-03-13T02:29:25.999291,52.0,26.387,1.7,mostlyClear,4.0,0
16,2026-03-13T01:37:23.664987,2026-03-13T02:29:25.999291,52.0,26.387,1.3,partlyCloudy,4.1,0
17,2026-03-13T03:30:03.590751,2026-03-13T03:56:36.999615,26.6,6.766,0.8,partlyCloudy,4.5,0
19,2026-03-13T04:06:00.204513,2026-03-13T17:14:48.152702,788.8,2.055,,,,
20,2026-03-13T17:14:48.416266,2026-03-13T17:38:21.000091,23.5,14.936,7.8,windy,26.3,1
20,2026-03-13T17:14:48.416266,2026-03-13T17:38:21.000091,23.5,14.936,8.7,windy,28.9,1
21,2026-03-13T17:38:35.999917,2026-03-13T18:07:33.000221,29.0,10.491,9.5,windy,30.0,1
24,2026-03-13T18:13:27.999890,2026-03-13T18:25:26.999245,12.0,5.549,,,,
28,2026-03-13T18:56:55.999405,2026-03-13T19:13:05.999371,16.2,4.413,11.9,windy,32.0,1
32,2026-03-13T20:47:18.236175,2026-03-13T20:49:27.999952,2.2,0.559,12.7,windy,34.0,1
34,2026-03-13T20:52:28.529524,2026-03-13T20:58:38.000084,6.2,1.401,,,,
35,2026-03-13T22:54:57.430407,2026-03-13T23:09:37.999903,14.7,5.220,11.6,windy,33.1,1
36,2026-03-14T02:30:21.402647,2026-03-14T02:51:56.000195,21.6,6.330,7.0,clear,23.3,0
37,2026-03-14T04:05:06.544271,2026-03-14T04:24:15.000121,19.1,9.701,5.7,windy,29.5,0
37,2026-03-14T04:05:06.544271,2026-03-14T04:24:15.000121,19.1,9.701,5.0,windy,25.7,0
43,2026-03-14T04:52:59.067880,2026-03-14T06:00:09.999513,67.2,33.129,4.1,windy,26.0,0
43,2026-03-14T04:52:59.067880,2026-03-14T06:00:09.999513,67.2,33.129,4.1,windy,25.9,0
43,2026-03-14T04:52:59.067880,2026-03-14T06:00:09.999513,67.2,33.129,3.9,windy,26.1,0
45,2026-03-14T17:54:53.022234,2026-03-14T18:21:15.999561,26.4,6.471,7.9,cloudy,14.3,1
47,2026-03-14T19:03:58.451274,2026-03-14T19:52:56.999298,49.0,12.147,8.8,cloudy,13.9,1
47,2026-03-14T19:03:58.451274,2026-03-14T19:52:56.999298,49.0,12.147,9.2,cloudy,12.8,1
49,2026-03-14T20:02:59.785597,2026-03-14T20:30:04.998781,27.1,9.227,9.2,cloudy,11.8,1
50,2026-03-14T23:07:59.088120,2026-03-14T23:30:21.000002,22.4,7.158,7.7,cloudy,5.7,1
54,2026-03-14T23:38:58.519686,2026-03-15T02:27:28.999831,168.5,16.727,6.7,cloudy,3.5,0
54,2026-03-14T23:38:58.519686,2026-03-15T02:27:28.999831,168.5,16.727,5.5,cloudy,6.0,0
56,2026-03-15T02:27:28.999831,2026-03-15T03:03:10.999856,35.7,11.459,5.1,cloudy,6.7,0
58,2026-03-15T04:45:27.908759,2026-03-15T04:55:47.999944,10.3,3.389,3.9,cloudy,11.7,0
60,2026-03-15T05:52:39.864717,2026-03-15T06:09:35.999957,16.9,6.845,,,,
62,2026-03-15T06:23:17.999777,2026-03-15T06:42:01.648732,18.7,2.233,,,,
63,2026-03-15T06:42:03.999792,2026-03-15T07:08:16.000117,26.2,10.846,3.7,cloudy,11.5,0
64,2026-03-15T07:08:17.000112,2026-03-15T07:14:03.999647,5.8,1.049,,,,
66,2026-03-15T16:05:26.000032,2026-03-15T16:51:11.997880,45.8,18.520,15.8,windy,24.2,1
66,2026-03-15T16:05:26.000032,2026-03-15T16:51:11.997880,45.8,18.520,17.0,windy,26.1,1
67,2026-03-15T16:51:14.997952,2026-03-15T17:23:50.999459,32.6,10.093,17.7,windy,27.6,1
68,2026-03-15T17:23:51.999451,2026-03-15T17:35:34.000273,11.7,3.746,,,,
70,2026-03-15T17:40:53.421504,2026-03-15T18:01:18.000438,20.4,7.568,,,,
72,2026-03-15T18:16:07.324921,2026-03-15T18:48:16.000020,32.1,14.124,19.5,windy,30.2,1
72,2026-03-15T18:16:07.324921,2026-03-15T18:48:16.000020,32.1,14.124,20.3,windy,30.4,1
74,2026-03-15T18:58:02.600234,2026-03-15T19:25:06.999704,27.1,10.601,19.9,windy,31.4,1
76,2026-03-15T21:04:39.999325,2026-03-15T21:15:21.573408,10.7,2.567,20.1,windy,29.3,1
78,2026-03-15T21:15:47.000379,2026-03-15T21:38:49.850631,23.0,3.198,,,,
79,2026-03-15T21:38:49.907456,2026-03-15T21:43:35.999397,4.8,1.325,19.0,windy,29.2,1
82,2026-03-15T22:39:50.003032,2026-03-16T01:41:06.591907,181.3,1.748,13.1,windy,27.9,0
83,2026-03-16T01:41:09.336275,2026-03-16T01:44:12.999427,3.1,0.601,,,,
85,2026-03-16T02:10:09.341239,2026-03-16T02:25:14.001063,15.1,6.061,13.2,windy,27.1,0
88,2026-03-16T02:43:15.446536,2026-03-16T04:35:43.999780,112.5,5.686,13.1,windy,25.8,0
88,2026-03-16T02:43:15.446536,2026-03-16T04:35:43.999780,112.5,5.686,13.2,windy,25.4,0
88,2026-03-16T02:43:15.446536,2026-03-16T04:35:43.999780,112.5,5.686,13.3,windy,25.6,0
92,2026-03-16T04:55:42.469441,2026-03-16T14:32:07.546635,576.4,4.505,13.3,windy,25.5,0
93,2026-03-16T14:32:07.548048,2026-03-16T14:42:02.000093,9.9,1.928,15.8,rain,18.8,1
97,2026-03-16T16:23:02.040484,2026-03-16T16:30:49.999436,7.8,2.218,13.1,drizzle,20.2,1
97,2026-03-16T16:23:02.040484,2026-03-16T16:30:49.999436,7.8,2.218,13.1,drizzle,20.2,1
99,2026-03-16T16:31:07.124969,2026-03-16T17:07:15.999332,36.1,0.424,,,,
103,2026-03-16T17:09:29.998868,2026-03-16T17:12:32.999808,3.1,0.801,,,,
105,2026-03-16T17:45:44.438811,2026-03-16T17:57:55.999964,12.2,3.020,8.6,windy,24.4,1
107,2026-03-16T20:03:30.544074,2026-03-16T20:45:28.462431,42.0,7.454,4.4,cloudy,19.9,1
107,2026-03-16T20:03:30.544074,2026-03-16T20:45:28.462431,42.0,7.454,3.6,rain,18.3,1
108,2026-03-16T20:45:28.462431,2026-03-17T17:48:47.417927,1263.3,3.177,,,,
112,2026-03-17T18:00:21.999493,2026-03-17T18:08:44.998624,8.4,1.992,,,,
118,2026-03-17T18:18:33.000452,2026-03-17T18:56:01.000394,37.5,12.759,-2.9,cloudy,21.1,1
118,2026-03-17T18:18:33.000452,2026-03-17T18:56:01.000394,37.5,12.759,-2.5,cloudy,21.0,1
120,2026-03-17T21:52:05.948866,2026-03-17T22:50:39.999915,58.6,15.464,-3.5,cloudy,19.0,1
120,2026-03-17T21:52:05.948866,2026-03-17T22:50:39.999915,58.6,15.464,-3.6,cloudy,17.4,1
122,2026-03-18T00:27:39.688141,2026-03-18T01:17:30.999732,49.9,13.258,-5.0,mostlyCloudy,15.6,0
122,2026-03-18T00:27:39.688141,2026-03-18T01:17:30.999732,49.9,13.258,-5.7,mostlyCloudy,14.5,0
126,2026-03-18T01:43:02.999491,2026-03-18T01:54:52.000068,11.8,5.221,,,,
127,2026-03-18T02:09:42.639965,2026-03-18T02:18:13.000471,8.5,3.141,-6.7,mostlyCloudy,11.9,0
129,2026-03-18T12:10:55.999488,2026-03-18T12:58:48.000075,47.9,21.428,-7.4,mostlyCloudy,6.0,1
131,2026-03-18T13:50:23.180157,2026-03-18T13:57:37.999836,7.2,0.460,-5.6,clear,8.6,1
135,2026-03-18T14:01:06.911909,2026-03-18T14:57:43.999194,56.6,29.312,-4.9,mostlyClear,8.9,1
135,2026-03-18T14:01:06.911909,2026-03-18T14:57:43.999194,56.6,29.312,-4.2,mostlyClear,9.8,1
137,2026-03-18T16:25:26.734098,2026-03-18T16:50:54.000228,25.5,8.677,-2.0,partlyCloudy,10.8,1
138,2026-03-18T17:46:01.945258,2026-03-18T17:59:18.000603,13.3,3.001,0.6,cloudy,12.5,1
139,2026-03-18T18:28:44.137260,2026-03-18T19:48:00.999621,79.3,32.195,1.5,cloudy,12.9,1
139,2026-03-18T18:28:44.137260,2026-03-18T19:48:00.999621,79.3,32.195,1.5,cloudy,12.9,1
139,2026-03-18T18:28:44.137260,2026-03-18T19:48:00.999621,79.3,32.195,1.4,cloudy,12.6,1
139,2026-03-18T18:28:44.137260,2026-03-18T19:48:00.999621,79.3,32.195,1.8,cloudy,12.4,1
142,2026-03-19T00:24:44.054706,2026-03-19T00:33:48.072438,9.1,2.766,1.3,cloudy,6.0,0
144,2026-03-19T00:35:17.836192,2026-03-19T01:12:42.999169,37.4,10.498,1.0,cloudy,5.7,0
146,2026-03-19T02:13:07.943174,2026-03-19T02:27:32.000037,14.4,5.155,,,,
150,2026-03-19T02:32:09.000495,2026-03-19T02:34:01.000126,1.9,0.268,,,,
152,2026-03-19T05:31:32.864095,2026-03-19T05:35:08.999787,3.6,0.569,0.4,cloudy,6.0,0
154,2026-03-19T05:35:09.999779,2026-03-19T16:13:57.134591,638.8,2.746,,,,
155,2026-03-19T16:45:29.820963,2026-03-19T17:46:08.000609,60.6,27.503,9.7,cloudy,12.2,1
155,2026-03-19T16:45:29.820963,2026-03-19T17:46:08.000609,60.6,27.503,10.9,mostlyClear,13.3,1
155,2026-03-19T16:45:29.820963,2026-03-19T17:46:08.000609,60.6,27.503,11.1,partlyCloudy,13.7,1
157,2026-03-19T17:52:42.717295,2026-03-19T18:18:32.999876,25.8,12.178,11.7,mostlyClear,14.7,1
159,2026-03-19T19:01:02.927286,2026-03-19T19:45:24.999846,44.4,15.389,13.9,cloudy,14.2,1
162,2026-03-19T19:56:38.000810,2026-03-19T20:29:52.000270,33.2,13.218,14.3,cloudy,14.8,1
168,2026-03-19T20:39:35.002052,2026-03-19T20:54:50.999432,15.3,3.068,14.1,mostlyCloudy,13.9,1
168,2026-03-19T20:39:35.002052,2026-03-19T20:54:50.999432,15.3,3.068,14.1,mostlyCloudy,13.9,1
170,2026-03-19T23:52:05.238403,2026-03-20T00:12:11.000417,20.1,6.221,11.1,mostlyCloudy,6.3,0
172,2026-03-20T00:21:24.020032,2026-03-20T04:01:01.000189,219.6,29.606,10.3,mostlyCloudy,5.4,0
172,2026-03-20T00:21:24.020032,2026-03-20T04:01:01.000189,219.6,29.606,8.2,mostlyClear,2.3,0
172,2026-03-20T00:21:24.020032,2026-03-20T04:01:01.000189,219.6,29.606,7.6,clear,6.0,0
172,2026-03-20T00:21:24.020032,2026-03-20T04:01:01.000189,219.6,29.606,7.3,clear,3.3,0
176,2026-03-20T04:14:10.999948,2026-03-20T17:25:24.566967,791.2,35.965,6.6,clear,3.8,0
176,2026-03-20T04:14:10.999948,2026-03-20T17:25:24.566967,791.2,35.965,6.6,mostlyClear,4.0,0
176,2026-03-20T04:14:10.999948,2026-03-20T17:25:24.566967,791.2,35.965,6.0,mostlyClear,4.8,0
176,2026-03-20T04:14:10.999948,2026-03-20T17:25:24.566967,791.2,35.965,5.7,mostlyClear,5.0,0
177,2026-03-20T17:25:23.976704,2026-03-20T17:29:29.999481,4.1,0.673,17.2,cloudy,24.1,1
178,2026-03-20T17:29:29.999481,2026-03-20T17:38:22.000874,8.9,0.745,,,,
183,2026-03-20T17:53:17.006845,2026-03-20T18:10:58.102012,17.7,2.806,17.7,windy,25.0,1
184,2026-03-20T18:10:59.102006,2026-03-20T18:19:51.998985,8.9,1.383,17.0,drizzle,21.1,1
187,2026-03-20T18:28:19.808045,2026-03-20T18:40:16.000078,11.9,3.795,,,,
193,2026-03-20T19:01:37.021745,2026-03-20T19:57:00.288234,55.4,5.735,15.5,drizzle,20.6,1
195,2026-03-20T19:59:16.607470,2026-03-20T20:17:36.000595,18.3,4.804,14.6,cloudy,17.7,1
196,2026-03-20T21:08:36.282226,2026-03-20T21:50:49.999821,42.2,12.401,15.1,cloudy,17.5,1
196,2026-03-20T21:08:36.282226,2026-03-20T21:50:49.999821,42.2,12.401,14.8,cloudy,15.1,1
200,2026-03-20T21:58:18.000411,2026-03-20T22:12:27.999757,14.2,2.332,14.2,cloudy,10.9,1
201,2026-03-20T22:12:29.999762,2026-03-20T23:18:12.999380,65.7,36.447,13.5,cloudy,12.1,1
201,2026-03-20T22:12:29.999762,2026-03-20T23:18:12.999380,65.7,36.447,13.2,cloudy,11.3,1
201,2026-03-20T22:12:29.999762,2026-03-20T23:18:12.999380,65.7,36.447,13.2,drizzle,5.2,1
205,2026-03-21T00:48:26.928169,2026-03-21T01:05:58.999672,17.5,7.391,12.2,mostlyCloudy,5.4,0
207,2026-03-21T02:34:10.490850,2026-03-21T02:36:55.998464,2.8,0.458,,,,
209,2026-03-21T02:39:52.600871,2026-03-21T03:08:54.999626,29.0,10.584,12.2,partlyCloudy,4.0,0
211,2026-03-21T17:05:34.996688,2026-03-21T17:57:42.428512,52.1,18.256,9.7,clear,6.2,1
211,2026-03-21T17:05:34.996688,2026-03-21T17:57:42.428512,52.1,18.256,10.4,clear,5.0,1
213,2026-03-21T18:02:11.293801,2026-03-21T18:32:08.000103,29.9,11.959,11.1,clear,4.1,1
215,2026-03-21T18:32:09.000095,2026-03-21T19:37:36.000615,65.5,23.597,12.1,mostlyClear,4.6,1
215,2026-03-21T18:32:09.000095,2026-03-21T19:37:36.000615,65.5,23.597,13.8,clear,3.6,1
217,2026-03-21T19:49:13.015216,2026-03-21T20:08:56.999819,19.7,4.818,14.1,mostlyClear,4.4,1
218,2026-03-21T20:08:59.999800,2026-03-21T20:23:31.999562,14.5,4.988,,,,
220,2026-03-21T20:24:43.000032,2026-03-21T20:44:17.999558,19.6,3.990,,,,
222,2026-03-21T21:08:41.000206,2026-03-21T21:15:56.016324,7.3,2.182,,,,
223,2026-03-21T23:37:38.759203,2026-03-21T23:47:13.400986,9.6,0.201,13.6,partlyCloudy,6.9,0
224,2026-03-21T23:47:13.420177,2026-03-21T23:53:00.999605,5.8,1.464,,,,
226,2026-03-21T23:54:52.050886,2026-03-21T23:59:55.000098,5.0,1.316,,,,
228,2026-03-22T01:12:16.771962,2026-03-22T01:56:30.000288,44.2,15.668,,,,
230,2026-03-22T02:40:50.860903,2026-03-22T03:46:56.999541,66.1,22.921,11.3,mostlyClear,8.5,0
230,2026-03-22T02:40:50.860903,2026-03-22T03:46:56.999541,66.1,22.921,11.3,mostlyClear,7.7,0
230,2026-03-22T02:40:50.860903,2026-03-22T03:46:56.999541,66.1,22.921,11.2,partlyCloudy,8.7,0
234,2026-03-22T03:54:10.999010,2026-03-22T04:00:11.999409,6.0,0.913,,,,
239,2026-03-22T04:13:55.001405,2026-03-22T04:33:58.999558,20.1,11.811,10.9,partlyCloudy,11.0,0
242,2026-03-22T06:05:02.829392,2026-03-22T06:32:31.000499,27.5,9.952,,,,
243,2026-03-22T06:32:32.000502,2026-03-22T06:54:06.000123,21.6,7.840,,,,
245,2026-03-22T06:54:07.000116,2026-03-22T07:16:42.999447,22.6,5.476,10.5,mostlyCloudy,9.6,0
248,2026-03-22T08:03:30.292135,2026-03-22T08:09:09.066834,5.6,0.541,10.8,mostlyCloudy,5.6,0
250,2026-03-22T08:13:27.028837,2026-03-22T08:34:01.076182,20.6,8.528,,,,
252,2026-03-22T17:32:29.985336,2026-03-22T17:36:34.000098,4.1,0.847,,,,
255,2026-03-22T17:36:35.000104,2026-03-22T17:45:12.999817,8.6,1.268,,,,
257,2026-03-22T17:48:54.031108,2026-03-22T18:44:10.999742,55.3,23.253,27.1,windy,25.7,1
259,2026-03-22T18:55:07.227328,2026-03-22T19:21:34.000409,26.4,9.961,27.6,windy,26.8,1
262,2026-03-22T19:27:18.999855,2026-03-22T19:52:39.307282,25.3,8.167,28.3,windy,27.4,1
264,2026-03-23T16:24:45.999578,2026-03-23T17:45:44.998634,81.0,17.024,4.2,cloudy,21.1,1
264,2026-03-23T16:24:45.999578,2026-03-23T17:45:44.998634,81.0,17.024,4.4,cloudy,20.6,1
264,2026-03-23T16:24:45.999578,2026-03-23T17:45:44.998634,81.0,17.024,4.9,cloudy,20.3,1
266,2026-03-23T17:47:56.108829,2026-03-23T17:56:03.000467,8.1,2.360,,,,
268,2026-03-23T20:00:36.122104,2026-03-23T22:24:41.837257,144.1,8.839,,,,
269,2026-03-23T22:24:45.116454,2026-03-23T22:28:07.999977,3.4,0.533,2.6,cloudy,20.5,1
271,2026-03-23T22:31:16.401263,2026-03-23T22:35:36.999916,4.3,0.440,,,,
273,2026-03-23T22:40:01.236129,2026-03-23T23:38:02.999154,58.0,22.175,2.2,cloudy,19.7,1
273,2026-03-23T22:40:01.236129,2026-03-23T23:38:02.999154,58.0,22.175,1.7,cloudy,17.4,1
276,2026-03-24T01:00:06.571129,2026-03-24T01:26:16.000153,26.2,11.482,,,,
278,2026-03-24T03:27:25.359680,2026-03-24T03:58:38.998869,31.2,21.907,,,,
283,2026-03-24T15:50:58.999347,2026-03-24T15:55:14.592088,4.3,0.513,,,,
285,2026-03-24T15:56:30.238785,2026-03-24T17:51:15.998798,114.8,21.889,3.6,clear,4.4,1
285,2026-03-24T15:56:30.238785,2026-03-24T17:51:15.998798,114.8,21.889,5.7,clear,5.4,1
286,2026-03-24T17:51:17.998791,2026-03-24T18:32:31.000793,41.2,13.167,6.0,clear,4.7,1
288,2026-03-24T18:40:30.001232,2026-03-24T18:41:01.000260,0.5,0.155,,,,
290,2026-03-24T18:41:13.000126,2026-03-24T18:47:36.873808,6.4,1.110,6.6,clear,4.1,1
294,2026-03-24T23:53:32.958096,2026-03-25T00:13:03.000122,19.5,3.863,,,,
297,2026-03-25T01:31:13.512084,2026-03-25T01:38:35.999326,7.4,1.901,,,,
299,2026-03-25T01:45:16.540479,2026-03-25T02:09:57.999134,24.7,9.643,,,,
303,2026-03-25T04:21:06.000019,2026-03-25T16:29:40.638186,728.6,19.554,2.4,mostlyClear,3.9,0
303,2026-03-25T04:21:06.000019,2026-03-25T16:29:40.638186,728.6,19.554,2.2,mostlyClear,4.7,0
304,2026-03-25T16:29:40.815372,2026-03-25T16:51:01.076681,21.3,6.636,11.9,cloudy,7.4,1
304,2026-03-25T16:29:40.815372,2026-03-25T16:51:01.076681,21.3,6.636,12.5,cloudy,8.2,1
306,2026-03-25T17:13:18.834041,2026-03-25T17:47:21.000143,34.0,15.585,13.2,cloudy,9.0,1
308,2026-03-25T17:56:49.300844,2026-03-25T18:09:24.000018,12.6,1.163,,,,
310,2026-03-25T19:53:48.999624,2026-03-25T20:07:49.000085,14.0,0.224,,,,
318,2026-03-25T23:57:36.130042,2026-03-26T00:08:35.999791,11.0,0.990,,,,
321,2026-03-26T00:17:26.784290,2026-03-26T00:24:41.999769,7.3,2.378,14.2,cloudy,8.5,0
323,2026-03-26T00:24:42.999763,2026-03-26T00:32:33.999895,7.9,1.742,,,,
325,2026-03-26T00:36:22.000167,2026-03-26T00:44:20.999372,8.0,2.319,,,,
327,2026-03-26T00:45:01.834892,2026-03-26T01:00:57.999747,15.9,1.643,13.8,cloudy,8.4,0
329,2026-03-26T03:32:37.999373,2026-03-26T03:53:55.869938,21.3,6.509,,,,
330,2026-03-26T03:53:56.869938,2026-03-26T04:13:46.999858,19.8,5.103,,,,
333,2026-03-26T04:30:32.040471,2026-03-26T04:35:13.999774,4.7,0.535,12.0,partlyCloudy,9.7,0
335,2026-03-26T04:38:55.001006,2026-03-26T04:52:29.999949,13.6,8.168,12.4,mostlyClear,11.8,0
339,2026-03-26T05:09:21.001792,2026-03-26T05:30:57.000401,21.6,12.669,11.9,partlyCloudy,9.8,0
341,2026-03-26T06:07:27.998228,2026-03-26T06:13:46.000704,6.3,2.475,,,,
345,2026-03-26T06:13:47.089538,2026-03-26T07:21:41.999433,67.9,11.210,12.2,partlyCloudy,10.5,0
346,2026-03-26T07:21:43.999424,2026-03-26T07:40:09.999601,18.4,14.911,12.5,mostlyClear,11.3,0
349,2026-03-26T17:08:58.895909,2026-03-26T17:12:11.999492,3.2,0.300,,,,
351,2026-03-26T17:12:52.329725,2026-03-26T17:21:34.000216,8.7,0.897,,,,
354,2026-03-26T17:27:20.230536,2026-03-26T17:57:29.000441,30.1,12.217,,,,
357,2026-03-26T18:14:00.998977,2026-03-26T18:43:01.000202,29.0,10.641,,,,
359,2026-03-26T19:47:55.000071,2026-03-26T19:58:18.000665,10.4,2.501,,,,
361,2026-03-26T20:27:24.825330,2026-03-26T20:42:23.000032,15.0,5.322,,,,
363,2026-03-26T20:48:23.222410,2026-03-26T21:18:21.999356,30.0,7.997,21.9,windy,26.1,1
367,2026-03-26T21:33:02.000374,2026-03-26T22:56:04.999225,83.0,31.532,22.2,mostlyCloudy,24.1,1
367,2026-03-26T21:33:02.000374,2026-03-26T22:56:04.999225,83.0,31.532,22.2,partlyCloudy,22.8,1
367,2026-03-26T21:33:02.000374,2026-03-26T22:56:04.999225,83.0,31.532,22.0,cloudy,22.9,1
370,2026-03-27T03:39:48.844681,2026-03-27T03:41:47.998819,2.0,0.174,,,,
381,2026-03-27T04:37:38.001995,2026-03-27T04:48:34.998925,10.9,4.722,14.5,rain,14.8,0
384,2026-03-27T14:13:40.984199,2026-03-27T14:51:40.001534,38.0,11.426,3.4,cloudy,15.6,1
386,2026-03-27T17:00:46.834249,2026-03-27T17:11:50.999464,11.1,3.157,,,,
388,2026-03-27T17:13:09.515551,2026-03-27T18:19:24.000245,66.2,11.416,6.4,cloudy,10.8,1
391,2026-03-27T19:13:53.486176,2026-03-27T19:34:07.000383,20.2,7.091,,,,
396,2026-03-27T23:49:17.656688,2026-03-27T23:54:21.999828,5.1,1.300,,,,
398,2026-03-27T23:57:56.068594,2026-03-28T00:05:35.999715,7.7,1.398,,,,
401,2026-03-28T00:12:03.016391,2026-03-28T00:20:07.999820,8.1,4.416,4.1,partlyCloudy,18.6,0
403,2026-03-28T01:41:21.028570,2026-03-28T01:49:18.999508,8.0,1.851,1.1,clear,14.9,0
407,2026-03-28T02:07:16.110387,2026-03-28T02:17:14.999088,10.0,3.356,,,,
409,2026-03-28T05:14:57.999539,2026-03-28T05:32:45.000279,17.8,8.502,,,,
413,2026-03-28T05:33:48.083407,2026-03-28T05:46:36.999308,12.8,8.861,,,,
415,2026-03-28T05:55:11.420354,2026-03-28T06:00:42.998975,5.5,1.564,-1.6,clear,10.9,0
417,2026-03-28T06:00:43.998983,2026-03-28T06:47:25.000355,46.7,11.337,-1.8,clear,11.3,0
417,2026-03-28T06:00:43.998983,2026-03-28T06:47:25.000355,46.7,11.337,-1.4,clear,10.7,0
419,2026-03-28T07:27:02.899646,2026-03-28T07:41:08.000091,14.1,7.262,,,,
420,2026-03-28T07:41:09.000093,2026-03-28T14:20:07.308248,399.0,22.342,-2.2,mostlyClear,10.6,0
420,2026-03-28T07:41:09.000093,2026-03-28T14:20:07.308248,399.0,22.342,-2.3,mostlyClear,9.8,0
422,2026-03-28T16:11:11.220315,2026-03-28T16:33:34.999387,22.4,6.492,,,,
423,2026-03-28T17:13:36.365325,2026-03-28T18:09:14.999062,55.6,16.452,2.5,cloudy,15.0,1
423,2026-03-28T17:13:36.365325,2026-03-28T18:09:14.999062,55.6,16.452,2.8,cloudy,14.2,1
425,2026-03-28T18:55:49.494049,2026-03-28T19:08:36.093434,12.8,3.796,,,,
427,2026-03-28T19:08:36.093434,2026-03-28T19:52:23.000044,43.8,17.685,,,,
432,2026-03-28T20:18:45.999901,2026-03-28T20:34:54.998924,16.1,4.804,5.6,clear,14.2,1
432,2026-03-28T20:18:45.999901,2026-03-28T20:34:54.998924,16.1,4.804,5.3,clear,14.1,1
433,2026-03-28T20:36:56.110118,2026-03-28T20:53:33.000757,16.6,5.886,,,,
436,2026-03-29T01:00:25.999037,2026-03-29T01:18:30.999536,18.1,8.937,,,,
438,2026-03-29T01:32:01.736253,2026-03-29T01:34:02.999408,2.0,0.572,,,,
440,2026-03-29T12:48:23.366229,2026-03-29T12:50:53.999402,2.5,0.575,,,,
442,2026-03-29T12:53:39.870778,2026-03-29T13:57:56.999396,64.3,34.293,4.7,cloudy,8.4,1
443,2026-03-29T18:24:34.001523,2026-03-29T18:33:05.000426,8.5,2.521,14.3,partlyCloudy,15.3,1
445,2026-03-29T18:33:17.000401,2026-03-29T19:11:41.000049,38.4,16.298,14.6,mostlyCloudy,16.5,1
445,2026-03-29T18:33:17.000401,2026-03-29T19:11:41.000049,38.4,16.298,15.3,mostlyCloudy,16.2,1
448,2026-03-29T19:54:26.364327,2026-03-29T20:43:04.999395,48.6,22.387,,,,
450,2026-03-29T20:47:13.541689,2026-03-29T23:20:51.928971,153.6,1.261,13.9,cloudy,8.7,1
452,2026-03-29T23:21:04.998296,2026-03-29T23:28:38.000069,7.6,1.680,,,,
455,2026-03-29T23:45:04.012017,2026-03-30T00:03:15.999279,18.2,5.279,,,,
457,2026-03-30T00:03:16.999274,2026-03-30T00:18:15.000402,15.0,3.030,,,,
460,2026-03-30T00:46:05.999040,2026-03-30T00:59:04.999048,13.0,3.459,,,,
462,2026-03-30T01:14:13.426739,2026-03-30T01:46:29.999433,32.3,5.444,12.5,cloudy,7.5,0
465,2026-03-30T02:20:51.598652,2026-03-30T02:26:37.998864,5.8,2.134,,,,
467,2026-03-30T03:00:59.118951,2026-03-30T03:15:10.000697,14.2,4.793,11.6,cloudy,6.7,0
469,2026-03-30T04:50:22.788712,2026-03-30T05:16:06.000394,25.7,14.178,10.0,partlyCloudy,7.6,0
473,2026-03-30T05:18:56.002102,2026-03-30T05:37:03.999401,18.1,8.921,,,,
475,2026-03-30T05:44:04.448934,2026-03-30T12:45:46.424298,421.7,0.617,9.4,mostlyCloudy,8.2,0
477,2026-03-30T15:06:50.570255,2026-03-30T15:22:50.000903,16.0,3.164,,,,
479,2026-03-30T15:22:55.000892,2026-03-30T16:53:32.999602,90.6,11.935,17.9,cloudy,22.9,1
481,2026-03-30T16:53:32.999602,2026-03-30T17:42:59.999789,49.5,11.956,19.0,cloudy,23.5,1
483,2026-03-30T17:57:29.292313,2026-03-30T18:07:02.000293,9.5,2.040,19.2,cloudy,23.7,1
485,2026-03-30T19:59:44.955859,2026-03-30T20:25:10.000531,25.4,7.495,,,,
487,2026-03-30T23:11:30.998736,2026-03-30T23:15:45.999536,4.3,1.563,18.6,cloudy,13.7,1
489,2026-03-30T23:17:49.983477,2026-03-30T23:24:48.000021,7.0,1.443,,,,
493,2026-03-30T23:35:51.935574,2026-03-30T23:49:01.999586,13.2,2.952,,,,
494,2026-03-31T00:29:14.501039,2026-03-31T00:35:04.999848,5.8,2.815,17.7,mostlyCloudy,12.7,0
495,2026-03-31T00:44:34.002477,2026-03-31T00:59:14.000327,14.7,5.448,17.5,mostlyCloudy,12.9,0
497,2026-03-31T01:01:33.999860,2026-03-31T01:18:41.321008,17.1,4.780,17.4,partlyCloudy,13.2,0
499,2026-03-31T01:24:45.000318,2026-03-31T01:38:51.999653,14.1,6.100,,,,
500,2026-03-31T01:53:00.900072,2026-03-31T02:01:20.998511,8.3,1.839,17.1,partlyCloudy,15.2,0
503,2026-03-31T03:45:36.181215,2026-03-31T03:51:35.998835,6.0,1.100,,,,
505,2026-03-31T03:55:58.605302,2026-03-31T13:00:43.057757,544.7,8.162,,,,
507,2026-03-31T13:38:05.999332,2026-03-31T13:43:16.999812,5.2,1.744,,,,
511,2026-03-31T13:51:04.004905,2026-03-31T13:55:45.999482,4.7,0.963,,,,
515,2026-03-31T14:12:29.785502,2026-03-31T14:22:32.999687,10.1,3.535,,,,
519,2026-03-31T14:29:50.750987,2026-03-31T14:45:49.999895,16.0,5.917,19.7,cloudy,22.5,1
521,2026-03-31T16:35:05.998569,2026-03-31T16:36:35.999194,1.5,0.207,21.7,cloudy,23.2,1
523,2026-03-31T16:37:13.204407,2026-03-31T17:04:12.999999,27.0,7.261,,,,
525,2026-03-31T17:55:49.624840,2026-03-31T18:08:22.000923,12.5,3.864,23.2,windy,24.7,1
527,2026-03-31T18:42:17.143553,2026-03-31T18:51:25.999891,9.1,4.748,24.0,windy,25.8,1
528,2026-03-31T19:03:36.994531,2026-03-31T19:27:29.000336,23.9,8.253,24.2,windy,26.1,1
530,2026-03-31T19:29:35.578962,2026-03-31T19:47:30.999472,17.9,2.614,,,,
532,2026-03-31T22:16:11.999802,2026-03-31T22:48:15.999417,32.1,9.852,24.6,cloudy,23.6,1
533,2026-03-31T22:48:16.127413,2026-03-31T23:52:19.020983,64.0,19.517,23.6,cloudy,18.8,1
534,2026-03-31T23:52:31.173484,2026-03-31T23:58:05.999826,5.6,1.871,23.0,mostlyCloudy,17.5,0
536,2026-04-01T00:01:15.366045,2026-04-01T00:06:02.000027,4.8,2.469,,,,
539,2026-04-01T00:11:50.946358,2026-04-01T00:13:30.999679,1.7,0.339,,,,
542,2026-04-01T00:40:08.000286,2026-04-01T00:57:04.000529,16.9,4.171,,,,
545,2026-04-01T02:01:17.344624,2026-04-01T02:06:40.999717,5.4,2.095,,,,
547,2026-04-01T02:09:37.549239,2026-04-01T02:49:47.999314,40.2,1.434,,,,
551,2026-04-01T02:53:15.000217,2026-04-01T02:57:27.000018,4.2,2.275,,,,
553,2026-04-01T03:02:26.840705,2026-04-01T03:19:06.999162,16.7,6.460,,,,
555,2026-04-01T03:27:52.776539,2026-04-01T03:40:47.000397,12.9,7.216,20.4,rain,15.5,0
557,2026-04-01T03:47:22.550231,2026-04-01T04:04:32.000441,17.2,6.829,20.1,thunderstorms,15.0,0
560,2026-04-01T04:25:01.999439,2026-04-01T04:44:12.999308,19.2,5.538,19.7,drizzle,16.2,0
563,2026-04-01T17:03:23.902072,2026-04-01T17:32:23.999269,29.0,8.698,,,,
565,2026-04-01T17:43:59.371869,2026-04-01T18:30:11.999094,46.2,13.635,,,,
567,2026-04-01T19:56:19.998612,2026-04-01T20:27:46.999411,31.5,11.125,17.1,cloudy,10.0,1
569,2026-04-01T20:29:18.800859,2026-04-01T20:32:36.999637,3.3,0.584,,,,
572,2026-04-01T21:43:30.379626,2026-04-01T22:12:47.999610,29.3,6.295,,,,
574,2026-04-02T02:01:54.283654,2026-04-02T02:08:28.997740,6.6,3.358,13.0,cloudy,8.1,0
577,2026-04-02T03:56:05.245611,2026-04-02T04:17:39.001034,21.6,6.802,12.2,cloudy,8.9,0
579,2026-04-02T14:21:05.738424,2026-04-02T14:40:22.999665,19.3,6.408,15.3,cloudy,6.1,1
581,2026-04-02T14:40:34.999628,2026-04-02T15:01:15.999156,20.7,6.621,16.5,partlyCloudy,7.0,1
585,2026-04-02T15:01:58.999821,2026-04-02T15:05:17.999120,3.3,0.606,,,,
587,2026-04-02T15:09:45.047486,2026-04-02T15:13:15.999043,3.5,0.676,,,,
589,2026-04-02T15:14:06.051492,2026-04-02T15:34:31.999580,20.4,6.531,18.1,partlyCloudy,7.1,1
593,2026-04-02T15:52:05.999408,2026-04-02T16:10:26.999528,18.4,8.314,19.4,mostlyCloudy,8.6,1
595,2026-04-02T16:24:57.282555,2026-04-02T16:52:04.000356,27.1,15.872,20.7,cloudy,11.2,1
595,2026-04-02T16:24:57.282555,2026-04-02T16:52:04.000356,27.1,15.872,21.4,mostlyCloudy,11.9,1
597,2026-04-02T17:02:40.785062,2026-04-02T17:31:08.278020,28.5,10.298,22.6,partlyCloudy,12.9,1
600,2026-04-02T17:37:49.999557,2026-04-02T17:45:52.000460,8.0,2.224,,,,
602,2026-04-02T18:14:38.636221,2026-04-02T18:25:28.000416,10.8,2.887,24.3,cloudy,14.6,1
604,2026-04-02T19:01:54.547771,2026-04-02T21:20:37.999712,138.7,58.484,24.9,cloudy,15.5,1
604,2026-04-02T19:01:54.547771,2026-04-02T21:20:37.999712,138.7,58.484,25.5,cloudy,14.7,1
604,2026-04-02T19:01:54.547771,2026-04-02T21:20:37.999712,138.7,58.484,26.4,cloudy,14.3,1
604,2026-04-02T19:01:54.547771,2026-04-02T21:20:37.999712,138.7,58.484,25.3,cloudy,14.4,1
604,2026-04-02T19:01:54.547771,2026-04-02T21:20:37.999712,138.7,58.484,25.0,cloudy,14.4,1
606,2026-04-02T21:20:53.716107,2026-04-03T01:40:25.000583,259.5,2.233,24.9,cloudy,12.5,1
606,2026-04-02T21:20:53.716107,2026-04-03T01:40:25.000583,259.5,2.233,19.7,cloudy,12.7,0
608,2026-04-03T03:03:58.998720,2026-04-03T03:12:34.000229,8.6,1.774,18.6,cloudy,15.2,0
610,2026-04-03T03:14:40.096319,2026-04-03T03:24:21.999265,9.7,0.776,,,,
611,2026-04-03T05:44:26.999806,2026-04-03T05:54:09.000414,9.7,5.111,18.1,cloudy,16.9,0
613,2026-04-03T05:54:10.000409,2026-04-03T06:38:42.999143,44.5,18.351,,,,
615,2026-04-03T14:24:45.884867,2026-04-03T21:58:01.881285,453.3,12.011,20.7,cloudy,19.1,1
616,2026-04-04T00:08:37.999293,2026-04-04T00:15:46.001025,7.1,2.099,21.7,partlyCloudy,10.3,0
618,2026-04-04T00:35:04.056067,2026-04-04T00:47:19.999717,12.3,4.803,,,,
620,2026-04-04T00:49:00.314604,2026-04-04T15:26:25.084194,877.4,11.967,17.8,rain,3.9,0
620,2026-04-04T00:49:00.314604,2026-04-04T15:26:25.084194,877.4,11.967,17.7,rain,6.2,0
620,2026-04-04T00:49:00.314604,2026-04-04T15:26:25.084194,877.4,11.967,22.8,cloudy,13.3,1
622,2026-04-04T15:26:32.000463,2026-04-04T15:35:18.000466,8.8,4.239,,,,
624,2026-04-04T15:39:40.619796,2026-04-04T15:44:56.000123,5.3,2.493,,,,
626,2026-04-04T15:58:17.839523,2026-04-04T16:00:59.000571,2.7,0.536,,,,
628,2026-04-04T16:16:07.085942,2026-04-04T16:37:12.999931,21.1,8.197,,,,
630,2026-04-04T16:42:25.506057,2026-04-04T16:44:02.000130,1.6,0.657,,,,
631,2026-04-04T17:17:44.841373,2026-04-04T17:27:50.999638,10.1,1.978,,,,
635,2026-04-04T17:37:21.000161,2026-04-04T17:48:09.999718,10.8,3.991,,,,
637,2026-04-04T20:02:06.919252,2026-04-04T20:14:14.000210,12.1,2.883,,,,
639,2026-04-04T20:14:26.215717,2026-04-04T20:36:49.000092,22.4,2.369,,,,
640,2026-04-04T20:36:50.000091,2026-04-04T20:43:34.000033,6.7,1.371,,,,
646,2026-04-04T20:46:19.999684,2026-04-04T20:56:19.999666,10.0,4.131,,,,
648,2026-04-04T21:07:15.267933,2026-04-04T21:15:36.000400,8.3,3.113,,,,
650,2026-04-04T21:16:17.000081,2026-04-04T21:51:47.000462,35.5,5.902,28.3,cloudy,20.2,1
652,2026-04-04T21:52:27.140695,2026-04-04T22:14:33.999683,22.1,2.754,28.1,cloudy,19.8,1
654,2026-04-04T22:15:11.434293,2026-04-04T22:25:33.999445,10.4,2.353,,,,
657,2026-04-04T22:56:08.702479,2026-04-04T22:59:54.999193,3.8,0.763,,,,
660,2026-04-04T23:24:36.999872,2026-04-04T23:41:04.000337,16.5,9.992,,,,
662,2026-04-05T01:39:15.000904,2026-04-05T01:45:42.000357,6.4,2.148,,,,
664,2026-04-05T02:06:51.012392,2026-04-05T02:10:06.998212,3.3,1.012,22.6,mostlyCloudy,14.5,0
666,2026-04-05T02:10:28.997087,2026-04-05T02:25:37.000402,15.1,2.878,,,,
670,2026-04-05T02:26:35.917821,2026-04-05T02:38:27.000517,11.9,3.584,22.4,mostlyCloudy,16.2,0
672,2026-04-05T02:53:52.000068,2026-04-05T02:58:45.999463,4.9,1.979,,,,
674,2026-04-05T02:58:45.999463,2026-04-05T03:04:27.999551,5.7,1.489,,,,
676,2026-04-05T04:27:14.553244,2026-04-05T04:30:46.998710,3.5,0.555,19.2,cloudy,16.8,0
678,2026-04-05T04:32:10.275296,2026-04-05T04:36:46.000846,4.6,1.530,,,,
679,2026-04-05T05:07:35.376378,2026-04-05T05:11:05.999112,3.5,1.486,19.1,rain,16.9,0
681,2026-04-05T05:11:07.999096,2026-04-05T07:16:17.999724,125.2,30.242,18.5,rain,19.0,0
681,2026-04-05T05:11:07.999096,2026-04-05T07:16:17.999724,125.2,30.242,16.4,rain,20.2,0
683,2026-04-05T19:34:44.226325,2026-04-05T19:45:45.000786,11.0,2.082,,,,
684,2026-04-05T19:45:47.000756,2026-04-05T19:58:19.874700,12.5,2.771,,,,
686,2026-04-05T20:07:31.894758,2026-04-05T20:11:33.999720,4.0,0.738,,,,
688,2026-04-05T20:29:34.000527,2026-04-05T20:33:32.874542,4.0,0.809,,,,
692,2026-04-05T20:36:43.590643,2026-04-05T20:49:00.000168,12.3,4.446,,,,
694,2026-04-05T20:49:14.000102,2026-04-05T21:11:31.000561,22.3,4.399,,,,
696,2026-04-05T21:12:12.855342,2026-04-05T21:26:48.062192,14.6,2.239,,,,
698,2026-04-05T21:47:29.074989,2026-04-05T21:56:09.999651,8.7,4.207,8.3,cloudy,21.0,1
700,2026-04-05T21:56:25.999561,2026-04-05T22:12:38.999994,16.2,3.852,,,,
702,2026-04-05T23:31:47.000185,2026-04-05T23:43:00.000210,11.2,3.073,,,,
704,2026-04-05T23:43:25.158109,2026-04-05T23:50:00.999166,6.6,0.621,,,,
709,2026-04-06T00:20:30.998103,2026-04-06T00:26:28.999025,6.0,1.953,,,,
711,2026-04-06T01:40:50.999740,2026-04-06T01:45:44.999653,4.9,1.126,,,,
713,2026-04-06T01:46:30.348957,2026-04-06T02:29:48.346695,43.3,2.598,4.6,mostlyCloudy,16.1,0
715,2026-04-06T02:29:56.215585,2026-04-06T02:35:15.999220,5.3,1.763,,,,
718,2026-04-06T03:22:49.282960,2026-04-06T03:27:32.999315,4.7,1.048,,,,
720,2026-04-06T05:26:42.999686,2026-04-06T05:32:09.998988,5.4,2.854,,,,
723,2026-04-06T06:12:47.999777,2026-04-06T06:20:13.999334,7.4,2.202,,,,
725,2026-04-06T06:57:01.725601,2026-04-06T07:05:27.000827,8.4,4.544,3.3,mostlyClear,10.0,0
729,2026-04-06T07:37:30.620108,2026-04-06T07:47:03.999783,9.6,6.580,,,,
731,2026-04-06T15:28:24.892022,2026-04-06T15:41:33.000640,13.1,3.431,7.8,cloudy,15.6,1
733,2026-04-06T16:21:51.006557,2026-04-07T20:10:05.769124,1668.2,6.438,8.7,cloudy,17.7,1
735,2026-04-07T20:12:08.875030,2026-04-08T01:51:43.999730,339.6,3.829,6.1,clear,15.2,1
735,2026-04-07T20:12:08.875030,2026-04-08T01:51:43.999730,339.6,3.829,2.0,clear,8.7,0
735,2026-04-07T20:12:08.875030,2026-04-08T01:51:43.999730,339.6,3.829,1.1,clear,7.5,0
737,2026-04-08T02:00:45.127090,2026-04-08T02:02:39.999292,1.9,0.711,,,,
739,2026-04-08T02:04:37.890734,2026-04-08T02:38:23.414325,33.8,1.392,0.4,clear,6.2,0
740,2026-04-08T02:38:24.003191,2026-04-08T06:43:20.885306,244.9,0.585,,,,
741,2026-04-08T06:43:31.000149,2026-04-08T07:14:50.999100,31.3,20.887,-2.0,clear,6.1,0
741,2026-04-08T06:43:31.000149,2026-04-08T07:14:50.999100,31.3,20.887,-1.9,clear,6.1,0
743,2026-04-08T13:45:43.999701,2026-04-08T13:56:29.999482,10.8,1.708,,,,
750,2026-04-08T14:02:47.004007,2026-04-08T14:20:27.999466,17.7,2.731,4.3,clear,9.1,1
751,2026-04-08T14:20:29.999460,2026-04-08T14:48:34.999400,28.1,25.130,5.6,clear,10.0,1
753,2026-04-08T14:48:36.090669,2026-04-10T03:02:04.999888,2173.5,0.540,7.5,clear,12.2,1
753,2026-04-08T14:48:36.090669,2026-04-10T03:02:04.999888,2173.5,0.540,8.8,clear,12.5,1
753,2026-04-08T14:48:36.090669,2026-04-10T03:02:04.999888,2173.5,0.540,16.0,mostlyClear,7.7,0
767,2026-04-10T04:52:16.999718,2026-04-10T05:10:15.999624,18.0,14.965,14.3,clear,8.2,0
769,2026-04-10T05:14:34.999546,2026-04-10T05:16:50.999152,2.3,0.860,,,,
771,2026-04-10T05:45:28.613660,2026-04-10T05:50:11.999818,4.7,2.005,,,,
773,2026-04-10T06:02:41.001272,2026-04-10T06:10:44.836346,8.1,2.617,13.5,mostlyClear,6.7,0
775,2026-04-10T06:27:15.005116,2026-04-10T06:58:05.999321,30.8,18.753,12.9,mostlyClear,7.2,0
777,2026-04-10T07:27:24.388131,2026-04-10T15:47:26.999479,500.0,36.806,12.6,mostlyClear,6.7,0
777,2026-04-10T07:27:24.388131,2026-04-10T15:47:26.999479,500.0,36.806,12.2,mostlyClear,7.8,0
777,2026-04-10T07:27:24.388131,2026-04-10T15:47:26.999479,500.0,36.806,12.4,mostlyClear,7.5,0
777,2026-04-10T07:27:24.388131,2026-04-10T15:47:26.999479,500.0,36.806,20.9,cloudy,20.4,1
780,2026-04-10T16:29:09.461249,2026-04-10T16:45:20.000841,16.2,3.854,22.7,mostlyCloudy,23.1,1
783,2026-04-10T16:51:55.062485,2026-04-10T18:33:14.921184,101.3,1.578,,,,
784,2026-04-10T18:33:14.144763,2026-04-10T18:38:13.998728,5.0,1.541,23.9,windy,25.0,1
797,2026-04-11T17:11:58.000177,2026-04-11T18:04:05.999752,52.1,2.422,14.1,clear,10.6,1
799,2026-04-11T20:48:07.999647,2026-04-11T22:10:43.000033,82.6,1.204,15.4,clear,8.6,1
799,2026-04-11T20:48:07.999647,2026-04-11T22:10:43.000033,82.6,1.204,15.4,clear,8.6,1
803,2026-04-11T23:49:15.999792,2026-04-12T13:40:25.000922,831.2,2.900,12.2,cloudy,9.0,1
807,2026-04-12T14:53:29.998959,2026-04-12T15:10:16.000813,16.8,0.887,,,,
825,2026-04-16T01:03:21.924223,2026-04-17T05:20:25.000024,1697.1,9.934,17.6,mostlyClear,7.3,0
825,2026-04-16T01:03:21.924223,2026-04-17T05:20:25.000024,1697.1,9.934,17.2,mostlyClear,5.6,0
831,2026-04-17T14:50:25.592143,2026-04-17T16:12:52.999381,82.5,1.360,18.1,cloudy,10.3,1
831,2026-04-17T14:50:25.592143,2026-04-17T16:12:52.999381,82.5,1.360,19.5,cloudy,8.6,1
